orderId,createdAt,updatedAt,transactionStatus,orderStatus,studentId,courseId
1,2021-02-07 20:45:26,2021-05-02 18:15:14,complete,enrolled,192,82
2,2021-03-18 17:12:18,2021-08-25 02:25:25,complete,enrolled,116,30
3,2021-07-24 09:13:38,2021-08-29 20:10:15,complete,enrolled,31,64
4,2021-07-18 16:52:31,2021-07-24 09:13:38,complete,enrolled,154,37
5,2021-07-13 08:32:26,2021-07-24 09:13:38,complete,enrolled,175,50
6,2021-05-05 11:34:02,2021-07-25 16:21:21,complete,enrolled,121,100
7,2021-07-22 08:30:01,2021-07-24 09:13:38,complete,enrolled,59,2
8,2021-03-25 20:47:58,2021-07-16 14:29:56,complete,enrolled,77,63
9,2021-06-08 12:15:41,2021-06-19 12:15:41,complete,refunded,115,97
10,2021-03-14 10:26:15,2021-03-25 08:37:10,complete,enrolled,52,10
11,2021-02-24 03:20:20,2021-05-07 15:05:52,complete,enrolled,47,37
12,2021-03-13 17:40:36,2021-03-20 01:41:13,complete,enrolled,178,95
13,2021-05-17 08:15:05,2021-07-06 22:54:16,complete,enrolled,162,96
14,2021-04-21 08:04:35,2021-05-19 19:38:29,complete,enrolled,57,1
15,2021-05-25 07:59:26,2021-07-16 14:29:56,complete,enrolled,93,35
16,2021-06-08 18:33:22,2021-06-08 20:40:38,complete,enrolled,39,4
17,2021-02-15 12:42:21,2021-05-28 13:21:19,pending,refunded,151,97
18,2021-06-23 01:47:14,2021-08-16 03:37:54,complete,enrolled,191,43
19,2021-03-01 12:33:10,2021-06-10 17:14:52,complete,enrolled,127,57
20,2021-05-02 23:29:56,2021-05-22 09:23:41,complete,enrolled,101,41
21,2021-07-28 01:53:47,2021-08-29 20:10:15,complete,enrolled,33,32
22,2021-04-30 00:56:20,2021-04-30 22:22:17,complete,enrolled,173,13
23,2021-03-23 10:18:21,2021-07-31 04:36:07,complete,enrolled,171,62
24,2021-03-03 01:05:26,2021-07-04 10:11:05,complete,enrolled,135,99
25,2021-04-12 00:50:28,2021-06-08 20:40:38,complete,enrolled,47,96
26,2021-06-22 02:12:02,2021-08-29 20:10:15,complete,enrolled,74,88
27,2021-04-22 14:47:55,2021-06-14 04:42:02,pending,enrolled,70,95
28,2021-04-27 23:26:47,2021-06-08 20:40:38,complete,enrolled,194,49
29,2021-06-08 20:40:38,2021-08-29 20:10:15,complete,enrolled,151,46
30,2021-04-29 06:59:57,2021-08-06 07:40:28,complete,enrolled,122,1
31,2021-06-28 14:46:39,2021-09-01 05:28:01,pending,enrolled,126,85
32,2021-05-29 10:23:04,2021-06-08 20:40:38,complete,enrolled,23,11
33,2021-06-18 11:09:55,2021-08-22 03:11:57,complete,enrolled,102,19
34,2021-07-11 09:44:52,2021-08-29 20:10:15,complete,enrolled,36,62
35,2021-02-25 10:35:11,2021-03-03 01:46:52,pending,enrolled,14,25
36,2021-05-01 05:04:40,2021-06-16 15:42:14,pending,enrolled,69,44
37,2021-03-15 15:08:25,2021-06-05 18:09:45,complete,enrolled,109,15
38,2021-02-01 22:10:30,2021-04-10 09:41:12,complete,enrolled,124,79
39,2021-02-22 00:46:22,2021-03-25 03:41:10,complete,enrolled,72,67
40,2021-02-04 17:41:36,2021-06-26 18:20:56,complete,enrolled,66,23
41,2021-05-23 07:19:30,2021-06-08 20:40:38,complete,enrolled,47,8
42,2021-03-02 10:26:42,2021-09-06 17:38:47,complete,enrolled,140,89
43,2021-07-07 05:58:07,2021-08-29 20:10:15,complete,enrolled,56,7
44,2021-04-12 03:11:54,2021-09-03 17:52:19,complete,enrolled,138,85
45,2021-02-04 19:05:23,2021-06-24 17:58:42,complete,enrolled,122,27
46,2021-04-28 01:01:20,2021-08-11 15:11:28,complete,enrolled,94,44
47,2021-04-10 05:02:11,2021-07-11 15:27:55,complete,enrolled,33,54
48,2021-04-10 11:51:00,2021-07-01 06:14:21,complete,enrolled,186,65
49,2021-03-07 05:31:05,2021-06-02 01:28:13,pending,enrolled,92,84
50,2021-07-19 10:37:47,2021-07-24 09:39:25,complete,enrolled,110,80
51,2021-03-17 14:31:41,2021-03-17 23:19:10,complete,enrolled,22,17
52,2021-03-02 18:29:22,2021-05-25 07:17:31,complete,enrolled,23,75
53,2021-05-15 21:59:15,2021-07-21 22:00:56,complete,enrolled,175,54
54,2021-05-19 05:32:31,2021-07-04 03:04:23,complete,enrolled,119,41
55,2021-07-30 07:29:15,2021-09-06 01:31:00,complete,enrolled,12,85
56,2021-05-05 16:47:51,2021-06-28 16:55:04,complete,enrolled,55,43
57,2021-06-14 04:42:02,2021-07-05 04:42:02,complete,refunded,42,6
58,2021-05-18 19:01:45,2021-06-14 04:42:02,complete,enrolled,164,15
59,2021-07-05 04:08:38,2021-08-07 04:28:31,complete,enrolled,178,27
60,2021-04-12 11:48:07,2021-04-30 10:57:38,complete,enrolled,136,15
61,2021-02-17 06:06:46,2021-09-06 02:30:14,complete,enrolled,76,76
62,2021-06-17 19:34:33,2021-07-24 09:39:25,pending,enrolled,94,53
63,2021-06-07 05:45:32,2021-07-24 09:39:25,complete,enrolled,106,97
64,2021-07-16 14:29:56,2021-07-24 09:39:25,complete,enrolled,73,52
65,2021-03-07 13:30:49,2021-05-02 11:16:01,complete,enrolled,73,8
66,2021-06-10 12:09:26,2021-08-16 14:31:15,complete,enrolled,155,47
67,2021-02-01 12:14:40,2021-06-22 22:43:40,pending,enrolled,83,80
68,2021-07-18 14:08:31,2021-09-04 11:56:45,complete,enrolled,29,56
69,2021-07-07 10:01:05,2021-08-16 14:31:15,complete,enrolled,133,62
70,2021-02-17 04:21:31,2021-05-31 07:23:30,complete,enrolled,41,50
71,2021-07-05 08:05:24,2021-07-24 09:39:25,complete,enrolled,4,50
72,2021-07-13 18:07:38,2021-08-27 22:23:07,complete,enrolled,13,12
73,2021-03-28 23:26:31,2021-05-10 13:12:29,complete,enrolled,80,66
74,2021-03-12 02:36:57,2021-04-13 17:12:36,complete,enrolled,22,44
75,2021-07-26 13:18:12,2021-08-20 03:26:52,complete,enrolled,153,9
76,2021-02-10 04:31:21,2021-08-06 05:24:16,complete,enrolled,86,4
77,2021-04-08 18:31:16,2021-04-13 10:20:50,complete,enrolled,188,75
78,2021-06-17 22:51:33,2021-06-25 18:05:07,complete,enrolled,110,47
79,2021-06-03 19:32:25,2021-06-04 19:32:25,complete,refunded,116,89
80,2021-03-15 08:24:18,2021-08-16 10:45:12,complete,enrolled,125,5
81,2021-03-24 16:48:37,2021-05-23 07:19:30,pending,enrolled,120,61
82,2021-03-21 11:46:26,2021-07-07 19:26:57,complete,enrolled,111,100
83,2021-05-31 11:39:56,2021-08-29 20:50:42,complete,enrolled,142,60
84,2021-04-17 20:44:42,2021-08-19 14:57:59,complete,enrolled,147,61
85,2021-07-13 14:09:06,2021-08-23 06:35:42,complete,enrolled,157,62
86,2021-06-07 05:09:17,2021-06-10 05:09:17,complete,refunded,55,34
87,2021-02-27 07:26:01,2021-08-08 07:05:31,complete,enrolled,82,13
88,2021-04-27 10:07:20,2021-05-23 07:19:30,complete,enrolled,200,6
89,2021-04-30 15:24:45,2021-06-25 13:05:27,pending,enrolled,149,57
90,2021-06-16 02:20:30,2021-07-06 02:20:30,complete,refunded,173,16
91,2021-04-19 04:51:09,2021-05-12 23:34:38,pending,enrolled,18,26
92,2021-02-01 14:40:28,2021-09-14 22:43:23,pending,enrolled,144,74
93,2021-06-05 10:52:16,2021-06-25 18:05:07,complete,enrolled,127,37
94,2021-05-07 13:21:52,2021-05-15 13:21:52,complete,refunded,117,18
95,2021-06-25 18:05:07,2021-07-24 09:39:25,complete,enrolled,92,20
96,2021-03-04 01:31:58,2021-06-20 19:01:17,pending,enrolled,158,82
97,2021-04-16 10:37:54,2021-07-27 10:40:02,rejected,refunded,149,42
98,2021-02-24 08:36:33,2021-03-02 08:36:33,complete,refunded,163,50
99,2021-04-01 00:35:06,2021-07-19 09:49:55,complete,enrolled,154,85
100,2021-05-24 12:36:36,2021-07-20 11:56:45,pending,enrolled,141,95
101,2021-06-15 02:10:49,2021-07-04 02:10:49,complete,refunded,133,28
102,2021-02-13 19:19:55,2021-03-07 19:19:55,complete,refunded,193,18
103,2021-04-25 18:21:52,2021-07-24 09:39:25,complete,enrolled,180,17
104,2021-03-18 00:16:51,2021-05-09 00:02:00,complete,enrolled,68,73
105,2021-07-24 09:39:25,2021-08-31 01:47:05,pending,enrolled,169,78
106,2021-06-24 06:26:37,2021-07-15 15:21:06,complete,enrolled,74,59
107,2021-07-02 04:19:38,2021-07-08 07:42:47,pending,enrolled,48,88
108,2021-02-18 20:07:03,2021-04-14 11:40:25,complete,enrolled,94,100
109,2021-03-31 08:53:13,2021-05-22 17:03:14,complete,enrolled,21,40
110,2021-03-10 19:29:18,2021-07-24 09:39:25,pending,enrolled,110,48
111,2021-07-20 10:36:51,2021-07-26 02:01:16,complete,enrolled,148,99
112,2021-04-21 04:17:26,2021-07-08 00:16:01,pending,enrolled,52,54
113,2021-06-10 18:32:07,2021-08-01 14:09:56,complete,enrolled,157,80
114,2021-06-02 12:03:29,2021-07-24 09:39:25,complete,enrolled,70,22
115,2021-02-01 09:39:44,2021-09-02 17:01:56,complete,enrolled,157,83
116,2021-07-21 14:19:36,2021-09-03 10:02:39,complete,enrolled,187,11
117,2021-07-11 07:24:16,2021-07-24 09:39:25,complete,enrolled,44,74
118,2021-03-15 13:18:22,2021-06-20 17:58:54,complete,enrolled,59,95
119,2021-06-30 18:25:56,2021-09-09 16:41:58,complete,enrolled,179,34
120,2021-05-07 08:58:26,2021-06-25 18:05:07,complete,enrolled,187,33
121,2021-03-16 22:53:48,2021-03-22 22:53:48,complete,refunded,122,8
122,2021-02-26 02:56:04,2021-06-18 00:34:49,complete,enrolled,78,73
123,2021-02-19 16:26:45,2021-08-22 04:34:39,complete,enrolled,192,72
124,2021-05-13 01:25:49,2021-05-18 05:13:59,complete,enrolled,18,53
125,2021-06-27 14:58:56,2021-07-24 09:39:25,complete,enrolled,20,62
126,2021-04-12 20:21:37,2021-05-15 16:37:47,complete,enrolled,128,49
127,2021-07-17 04:50:20,2021-08-29 20:10:15,complete,enrolled,123,14
128,2021-06-28 15:11:48,2021-09-10 13:38:59,complete,enrolled,170,72
129,2021-04-28 20:46:05,2021-07-24 09:39:25,complete,enrolled,19,2
130,2021-03-06 12:34:51,2021-06-30 00:02:18,complete,enrolled,192,93
131,2021-03-07 05:01:41,2021-04-17 18:37:01,complete,enrolled,118,11
132,2021-06-22 10:44:37,2021-07-24 09:39:25,pending,enrolled,97,80
133,2021-07-16 13:08:25,2021-09-12 04:21:07,complete,enrolled,155,32
134,2021-04-26 20:06:26,2021-05-18 20:06:26,complete,refunded,154,20
135,2021-07-14 07:51:10,2021-07-15 16:40:03,complete,enrolled,127,32
136,2021-03-22 06:24:33,2021-09-13 13:43:57,complete,enrolled,83,10
137,2021-06-04 00:13:05,2021-07-24 09:39:25,complete,enrolled,53,59
138,2021-05-24 16:37:51,2021-06-17 15:54:06,complete,enrolled,176,19
139,2021-04-01 06:26:25,2021-07-19 10:24:32,complete,enrolled,55,2
140,2021-03-20 18:06:06,2021-07-17 06:42:13,complete,enrolled,129,34
141,2021-05-15 17:16:56,2021-07-24 09:39:25,complete,enrolled,107,92
142,2021-06-01 01:24:27,2021-06-22 15:21:17,complete,enrolled,67,88
143,2021-05-25 18:30:49,2021-07-21 16:15:30,complete,enrolled,192,15
144,2021-07-12 20:56:15,2021-07-16 01:53:31,complete,enrolled,80,45
145,2021-04-24 13:57:30,2021-04-27 05:29:48,complete,enrolled,60,65
146,2021-07-23 17:22:50,2021-07-24 09:39:25,pending,enrolled,101,98
147,2021-06-10 22:44:38,2021-07-03 13:37:16,pending,enrolled,8,90
148,2021-06-30 23:42:18,2021-08-16 14:31:15,complete,enrolled,105,25
149,2021-04-28 16:23:49,2021-05-06 02:16:21,complete,enrolled,127,21
150,2021-04-10 07:11:45,2021-06-16 18:37:31,pending,enrolled,140,52
151,2021-03-31 06:31:33,2021-05-30 15:21:51,complete,enrolled,168,67
152,2021-03-26 02:57:51,2021-05-31 11:50:07,complete,enrolled,17,68
153,2021-02-03 21:50:39,2021-06-29 12:35:58,complete,enrolled,182,97
154,2021-03-13 02:18:24,2021-05-30 09:54:25,complete,enrolled,105,6
155,2021-07-23 14:44:27,2021-08-01 17:22:20,complete,enrolled,90,38
156,2021-07-24 06:11:33,2021-08-05 06:37:18,complete,enrolled,189,20
157,2021-06-07 09:41:58,2021-07-13 16:49:11,complete,enrolled,38,60
158,2021-06-21 13:08:59,2021-09-10 11:11:18,rejected,refunded,64,88
159,2021-03-13 21:58:10,2021-07-17 04:50:20,complete,enrolled,113,76
160,2021-02-11 04:37:55,2021-03-27 14:36:44,pending,enrolled,192,54
161,2021-06-29 19:17:27,2021-08-05 11:07:28,complete,enrolled,58,76
162,2021-03-05 07:50:12,2021-06-13 06:01:25,pending,enrolled,49,69
163,2021-02-24 11:03:06,2021-04-12 02:03:56,complete,enrolled,199,1
164,2021-04-05 18:41:37,2021-04-19 04:23:35,complete,enrolled,98,32
165,2021-06-01 15:22:05,2021-07-17 04:50:20,complete,enrolled,89,89
166,2021-03-28 19:34:00,2021-04-19 07:21:33,complete,enrolled,10,80
167,2021-02-26 16:32:21,2021-06-15 23:19:09,complete,enrolled,40,100
168,2021-05-28 17:31:14,2021-06-01 03:28:33,complete,enrolled,61,12
169,2021-03-19 20:32:33,2021-08-17 09:54:36,complete,enrolled,196,5
170,2021-03-05 06:33:45,2021-04-08 16:37:19,complete,enrolled,16,20
171,2021-02-17 09:06:37,2021-05-31 03:17:09,pending,enrolled,53,40
172,2021-07-26 00:23:02,2021-08-16 14:31:15,complete,enrolled,90,72
173,2021-07-10 01:03:44,2021-07-24 09:39:25,complete,enrolled,100,44
174,2021-06-07 17:16:33,2021-07-24 09:39:25,pending,enrolled,89,98
175,2021-06-22 16:06:11,2021-08-12 21:58:51,complete,enrolled,166,25
176,2021-06-08 21:36:39,2021-07-17 04:50:20,pending,enrolled,150,2
177,2021-06-30 08:42:42,2021-07-17 04:50:20,complete,enrolled,184,65
178,2021-07-10 04:20:30,2021-07-17 04:50:20,complete,enrolled,10,30
179,2021-02-05 17:07:15,2021-08-28 22:47:05,complete,enrolled,106,36
180,2021-07-07 11:23:35,2021-07-17 04:50:20,complete,enrolled,184,97
181,2021-07-19 09:16:58,2021-09-07 03:39:47,complete,enrolled,138,37
182,2021-03-13 07:56:15,2021-09-09 19:15:29,complete,enrolled,107,37
183,2021-03-09 09:57:00,2021-08-21 23:37:01,pending,enrolled,150,97
184,2021-05-21 03:55:47,2021-07-17 04:50:20,pending,enrolled,64,58
185,2021-02-13 07:33:50,2021-07-21 08:45:02,complete,enrolled,49,78
186,2021-05-10 17:02:42,2021-07-17 04:50:20,complete,enrolled,30,96
187,2021-06-23 21:57:27,2021-06-30 19:33:52,complete,enrolled,56,56
188,2021-05-10 09:21:10,2021-07-17 04:50:20,complete,enrolled,44,25
189,2021-03-16 09:31:53,2021-08-12 20:48:14,complete,enrolled,14,14
190,2021-07-02 03:33:12,2021-07-17 04:50:20,complete,enrolled,87,14
191,2021-03-10 12:55:48,2021-05-07 20:14:18,complete,enrolled,29,16
192,2021-02-09 11:47:25,2021-04-13 11:04:52,complete,enrolled,72,12
193,2021-02-25 09:42:46,2021-07-28 07:56:50,complete,enrolled,113,92
194,2021-02-03 17:11:47,2021-02-26 03:08:04,complete,enrolled,7,4
195,2021-02-09 08:53:30,2021-06-10 18:01:34,complete,enrolled,127,36
196,2021-04-18 00:26:58,2021-05-12 00:26:58,complete,refunded,196,11
197,2021-07-26 18:52:48,2021-08-20 03:26:52,pending,enrolled,146,84
198,2021-05-14 17:12:58,2021-06-16 17:37:39,complete,enrolled,1,86
199,2021-06-16 17:37:39,2021-07-04 07:15:07,complete,enrolled,54,27
200,2021-03-12 20:54:46,2021-07-26 15:30:24,complete,enrolled,94,62
201,2021-05-28 20:59:40,2021-06-06 20:59:40,complete,refunded,12,46
202,2021-06-26 02:13:12,2021-07-04 07:15:07,pending,enrolled,90,36
203,2021-05-09 15:57:19,2021-07-27 11:58:25,complete,enrolled,155,11
204,2021-06-05 09:00:38,2021-08-14 03:40:24,complete,enrolled,16,84
205,2021-05-24 12:57:59,2021-07-04 07:15:07,complete,enrolled,40,48
206,2021-05-30 14:53:06,2021-07-04 07:15:07,complete,enrolled,183,99
207,2021-06-24 03:53:45,2021-07-04 07:15:07,complete,enrolled,107,19
208,2021-06-21 14:45:51,2021-07-04 07:15:07,complete,enrolled,162,45
209,2021-03-08 15:33:20,2021-06-28 19:18:42,pending,enrolled,152,40
210,2021-03-28 10:31:33,2021-04-22 02:41:01,complete,enrolled,87,75
211,2021-06-24 16:31:54,2021-07-30 10:21:56,complete,enrolled,55,18
212,2021-07-12 06:23:08,2021-07-24 09:39:25,complete,enrolled,148,100
213,2021-03-26 20:38:24,2021-05-18 22:17:39,complete,enrolled,122,15
214,2021-04-03 16:45:31,2021-08-29 23:06:15,complete,enrolled,90,68
215,2021-04-11 00:30:21,2021-06-08 16:45:31,complete,enrolled,96,41
216,2021-04-27 06:43:39,2021-07-04 07:15:07,complete,enrolled,148,49
217,2021-07-30 22:11:22,2021-08-31 01:47:05,complete,enrolled,50,17
218,2021-07-04 07:15:07,2021-07-24 09:39:25,complete,enrolled,4,4
219,2021-06-29 04:28:02,2021-07-04 07:15:07,complete,enrolled,137,60
220,2021-02-20 20:24:20,2021-05-15 21:30:43,complete,enrolled,33,44
221,2021-04-26 01:10:35,2021-07-04 07:15:07,complete,enrolled,61,14
222,2021-07-23 22:53:42,2021-08-29 20:10:15,complete,enrolled,135,52
223,2021-06-30 21:25:42,2021-07-04 07:15:07,complete,enrolled,177,33
224,2021-05-25 11:04:28,2021-06-30 13:45:46,pending,enrolled,10,31
225,2021-07-05 05:21:18,2021-08-29 20:10:15,complete,enrolled,70,64
226,2021-02-28 06:11:30,2021-04-18 03:11:23,complete,enrolled,120,53
227,2021-03-07 04:17:59,2021-08-29 20:10:15,complete,enrolled,128,82
228,2021-02-08 23:24:28,2021-03-03 13:09:56,complete,enrolled,95,78
229,2021-04-13 07:08:27,2021-08-04 06:18:53,complete,enrolled,107,34
230,2021-02-17 01:37:55,2021-05-05 05:51:27,complete,enrolled,100,16
231,2021-04-15 17:17:42,2021-06-25 15:26:11,complete,enrolled,174,41
232,2021-04-20 16:54:22,2021-08-14 04:19:02,complete,enrolled,126,68
233,2021-07-05 14:52:16,2021-07-08 12:53:45,complete,enrolled,84,85
234,2021-03-03 22:02:50,2021-05-08 12:32:45,complete,enrolled,100,10
235,2021-04-30 16:35:42,2021-08-17 12:00:30,complete,enrolled,12,39
236,2021-03-16 17:03:02,2021-04-27 19:03:49,complete,enrolled,38,74
237,2021-07-30 18:02:38,2021-08-23 04:12:25,complete,enrolled,69,56
238,2021-05-30 01:27:29,2021-06-21 15:21:07,complete,enrolled,70,58
239,2021-05-08 05:34:09,2021-07-08 12:53:45,complete,enrolled,163,43
240,2021-07-20 21:30:49,2021-08-29 20:10:15,complete,enrolled,182,35
241,2021-05-27 19:17:32,2021-07-05 08:56:00,complete,enrolled,192,56
242,2021-06-15 10:43:26,2021-08-18 00:05:52,complete,enrolled,3,11
243,2021-03-05 19:31:53,2021-06-27 09:32:24,complete,enrolled,57,10
244,2021-05-20 14:53:31,2021-07-05 08:56:00,complete,enrolled,103,36
245,2021-07-05 08:56:00,2021-07-08 12:53:45,pending,enrolled,17,48
246,2021-02-22 02:07:59,2021-06-13 08:43:19,complete,enrolled,26,23
247,2021-07-08 12:53:45,2021-07-24 09:39:25,complete,enrolled,63,76
248,2021-05-05 03:56:49,2021-06-17 18:33:02,pending,enrolled,61,22
249,2021-06-28 19:42:20,2021-07-08 12:53:45,complete,enrolled,95,28
250,2021-04-07 05:38:53,2021-07-08 12:53:45,complete,enrolled,195,36
251,2021-07-28 16:21:27,2021-08-07 16:21:27,complete,refunded,152,8
252,2021-04-23 02:50:59,2021-07-08 12:53:45,complete,enrolled,161,86
253,2021-04-18 20:59:40,2021-05-28 03:23:40,complete,enrolled,76,18
254,2021-02-20 01:04:26,2021-07-05 19:31:38,complete,enrolled,5,25
255,2021-06-22 20:09:28,2021-07-08 12:53:45,complete,enrolled,125,45
256,2021-04-04 22:30:14,2021-08-01 01:57:44,complete,enrolled,31,84
257,2021-06-28 05:24:05,2021-07-18 05:24:05,complete,refunded,152,47
258,2021-04-12 15:35:32,2021-08-07 20:35:29,complete,enrolled,49,59
259,2021-07-22 01:16:35,2021-08-16 14:31:15,complete,enrolled,76,56
260,2021-02-07 16:53:17,2021-03-24 04:15:41,complete,enrolled,142,92
261,2021-03-31 03:41:21,2021-06-19 12:28:01,complete,enrolled,5,5
262,2021-07-06 12:13:27,2021-07-08 12:53:45,complete,enrolled,123,82
263,2021-04-24 02:04:05,2021-07-06 12:13:27,complete,enrolled,193,47
264,2021-06-27 06:02:52,2021-07-06 12:13:27,pending,enrolled,164,30
265,2021-02-05 19:13:06,2021-08-21 03:07:09,complete,enrolled,135,5
266,2021-05-05 06:44:47,2021-07-03 01:04:16,complete,enrolled,86,74
267,2021-02-27 02:22:04,2021-08-02 11:02:49,complete,enrolled,116,85
268,2021-03-15 02:21:18,2021-04-06 04:37:39,complete,enrolled,189,60
269,2021-02-10 05:48:50,2021-06-15 04:23:54,complete,enrolled,109,62
270,2021-05-08 10:47:09,2021-05-11 10:47:09,complete,refunded,118,46
271,2021-02-10 01:21:01,2021-07-30 16:48:40,complete,enrolled,184,61
272,2021-03-25 14:38:34,2021-09-08 20:48:16,complete,enrolled,167,73
273,2021-02-12 09:36:20,2021-05-13 19:48:42,pending,enrolled,37,9
274,2021-02-22 16:58:22,2021-08-24 03:14:30,complete,enrolled,93,77
275,2021-02-01 18:18:09,2021-05-05 17:07:35,complete,enrolled,167,40
276,2021-06-11 09:11:30,2021-08-16 14:31:15,complete,enrolled,67,7
277,2021-03-07 14:49:11,2021-07-08 15:20:13,complete,enrolled,108,89
278,2021-07-27 08:03:16,2021-09-03 10:02:39,complete,enrolled,23,26
279,2021-05-08 07:04:14,2021-07-10 18:48:13,pending,enrolled,108,49
280,2021-04-28 16:32:14,2021-09-11 01:22:38,complete,enrolled,54,69
281,2021-07-31 07:03:30,2021-08-20 03:26:52,complete,enrolled,179,47
282,2021-05-23 01:21:39,2021-06-18 01:21:39,complete,refunded,160,67
283,2021-03-01 06:23:33,2021-04-12 06:15:55,pending,refunded,125,43
284,2021-05-10 05:55:02,2021-05-22 13:18:41,complete,enrolled,75,65
285,2021-02-20 20:54:04,2021-08-17 01:55:44,complete,enrolled,35,77
286,2021-04-01 14:11:24,2021-06-19 08:14:48,complete,enrolled,157,84
287,2021-07-26 09:24:54,2021-08-31 01:47:05,pending,enrolled,160,49
288,2021-05-20 13:49:00,2021-07-10 18:48:13,pending,enrolled,14,64
289,2021-04-06 05:29:04,2021-08-30 08:13:40,pending,enrolled,167,11
290,2021-02-13 21:55:50,2021-06-10 00:08:44,complete,enrolled,118,87
291,2021-06-29 16:07:16,2021-07-10 21:33:55,complete,enrolled,117,81
292,2021-04-02 17:48:50,2021-07-09 22:13:19,complete,enrolled,96,91
293,2021-02-05 17:57:06,2021-05-14 18:47:22,complete,enrolled,45,64
294,2021-07-10 18:48:13,2021-09-03 10:02:39,complete,enrolled,121,93
295,2021-07-01 15:43:53,2021-07-10 18:48:13,complete,enrolled,139,98
296,2021-02-23 23:23:22,2021-03-17 23:23:22,complete,refunded,42,22
297,2021-06-09 02:07:00,2021-08-13 01:23:09,complete,enrolled,15,74
298,2021-05-28 15:58:36,2021-07-10 18:48:13,complete,enrolled,177,71
299,2021-02-12 22:49:14,2021-02-25 22:49:14,complete,refunded,57,91
300,2021-02-23 23:04:13,2021-07-10 18:48:13,pending,enrolled,50,80
301,2021-06-25 01:33:22,2021-07-10 18:48:13,complete,enrolled,159,28
302,2021-02-13 16:18:44,2021-05-11 16:35:34,pending,enrolled,156,29
303,2021-05-30 08:05:04,2021-07-10 18:48:13,complete,enrolled,62,1
304,2021-04-02 19:21:00,2021-08-20 03:26:52,complete,enrolled,125,16
305,2021-03-02 11:25:12,2021-03-29 02:36:26,complete,enrolled,129,52
306,2021-04-16 18:58:09,2021-08-31 01:47:05,pending,enrolled,76,71
307,2021-03-16 22:15:52,2021-05-05 20:09:15,complete,enrolled,88,79
308,2021-07-11 11:49:57,2021-09-03 10:02:39,rejected,refunded,181,98
309,2021-07-13 16:54:53,2021-08-17 00:05:39,complete,enrolled,105,79
310,2021-06-10 18:12:40,2021-07-27 21:21:55,complete,enrolled,5,79
311,2021-03-23 22:21:48,2021-06-18 02:06:00,pending,enrolled,41,58
312,2021-07-08 11:00:45,2021-08-20 03:26:52,complete,enrolled,107,56
313,2021-04-18 20:36:55,2021-08-25 09:30:56,complete,enrolled,32,93
314,2021-05-23 09:48:56,2021-08-31 01:47:05,complete,enrolled,42,94
315,2021-06-14 11:44:15,2021-08-04 03:52:47,complete,enrolled,101,45
316,2021-06-13 13:03:23,2021-08-22 03:15:35,complete,enrolled,152,2
317,2021-05-20 16:03:15,2021-08-10 23:31:26,complete,enrolled,199,39
318,2021-05-28 13:32:12,2021-07-24 09:39:25,complete,enrolled,62,19
319,2021-07-19 14:52:27,2021-07-23 02:29:13,complete,enrolled,197,65
320,2021-06-11 11:20:20,2021-06-30 11:20:20,complete,refunded,94,31
321,2021-05-28 00:01:59,2021-07-16 20:21:41,complete,enrolled,167,82
322,2021-02-26 18:00:20,2021-04-19 06:38:32,complete,enrolled,82,29
323,2021-06-15 17:16:22,2021-08-29 20:10:15,complete,enrolled,101,24
324,2021-03-02 16:45:54,2021-04-05 10:37:33,complete,enrolled,123,81
325,2021-05-09 02:38:34,2021-09-10 02:08:01,pending,enrolled,76,10
326,2021-07-12 17:44:49,2021-08-09 20:48:54,complete,enrolled,172,78
327,2021-03-28 14:07:40,2021-04-26 19:52:19,complete,enrolled,165,41
328,2021-04-14 06:26:59,2021-07-28 12:24:08,complete,enrolled,126,26
329,2021-07-18 08:26:55,2021-08-29 20:10:15,complete,enrolled,124,46
330,2021-04-08 10:35:20,2021-06-14 20:30:36,complete,enrolled,33,73
331,2021-05-22 23:21:58,2021-06-02 01:23:52,complete,enrolled,25,45
332,2021-03-24 12:47:07,2021-05-09 23:16:48,complete,enrolled,138,48
333,2021-05-15 21:14:41,2021-05-31 07:27:28,pending,enrolled,150,23
334,2021-07-29 16:09:30,2021-08-29 20:10:15,pending,enrolled,5,90
335,2021-04-19 10:06:13,2021-08-08 18:19:38,complete,enrolled,40,61
336,2021-03-10 17:59:38,2021-04-16 13:43:33,complete,enrolled,137,50
337,2021-05-29 23:16:36,2021-08-03 11:31:41,pending,enrolled,4,11
338,2021-07-16 19:50:15,2021-07-24 09:39:25,complete,enrolled,103,19
339,2021-06-29 07:38:10,2021-07-24 09:39:25,complete,enrolled,52,55
340,2021-03-10 02:36:25,2021-09-03 11:12:45,complete,enrolled,182,49
341,2021-05-31 12:45:56,2021-07-05 10:19:11,pending,enrolled,29,86
342,2021-06-13 16:15:21,2021-07-05 10:19:11,complete,enrolled,170,27
343,2021-07-05 10:19:11,2021-07-21 10:19:11,complete,refunded,112,99
344,2021-04-19 05:44:52,2021-08-08 08:46:11,complete,enrolled,67,54
345,2021-05-05 21:11:09,2021-07-05 10:19:11,complete,enrolled,101,58
346,2021-02-13 19:46:50,2021-07-06 05:29:22,complete,enrolled,92,73
347,2021-07-13 05:06:16,2021-08-16 14:31:15,complete,enrolled,21,52
348,2021-03-06 21:42:53,2021-04-12 04:12:15,complete,enrolled,52,17
349,2021-04-03 12:21:41,2021-08-16 14:31:15,complete,enrolled,55,22
350,2021-03-28 15:58:36,2021-04-22 02:43:37,complete,enrolled,180,29
351,2021-02-03 15:04:13,2021-09-14 01:23:32,pending,enrolled,72,51
352,2021-03-01 04:58:14,2021-06-09 16:57:12,complete,enrolled,68,17
353,2021-03-18 09:23:13,2021-07-11 03:25:30,complete,enrolled,116,32
354,2021-04-02 12:42:47,2021-04-11 12:42:47,complete,refunded,20,69
355,2021-06-03 00:10:23,2021-06-13 02:15:31,pending,enrolled,80,13
356,2021-05-15 06:58:15,2021-05-18 10:09:09,complete,enrolled,11,15
357,2021-06-30 04:02:14,2021-08-16 14:31:15,complete,enrolled,141,41
358,2021-07-14 20:43:38,2021-07-24 09:39:25,pending,enrolled,191,87
359,2021-06-10 11:30:28,2021-09-03 10:02:39,pending,refunded,63,90
360,2021-05-01 10:12:53,2021-05-06 14:16:49,complete,enrolled,124,17
361,2021-07-24 02:16:20,2021-08-31 04:51:44,complete,enrolled,63,96
362,2021-04-09 09:46:29,2021-09-03 14:55:23,complete,enrolled,180,55
363,2021-02-12 23:51:06,2021-05-31 07:38:40,complete,enrolled,7,72
364,2021-06-12 15:30:30,2021-08-20 03:26:52,pending,enrolled,109,100
365,2021-07-21 15:11:02,2021-08-31 01:47:05,complete,enrolled,46,67
366,2021-04-10 21:42:09,2021-09-07 12:14:40,complete,enrolled,138,20
367,2021-07-03 03:27:55,2021-09-03 10:02:39,pending,enrolled,57,20
368,2021-03-05 22:36:00,2021-08-17 16:06:38,complete,enrolled,126,35
369,2021-07-14 17:06:02,2021-08-06 00:42:33,complete,enrolled,169,9
370,2021-03-31 20:56:05,2021-07-01 19:53:52,pending,enrolled,34,31
371,2021-05-04 08:40:00,2021-05-24 08:40:00,complete,refunded,18,69
372,2021-03-24 20:26:19,2021-05-29 07:16:23,pending,enrolled,169,5
373,2021-06-03 12:08:21,2021-07-28 02:20:18,complete,enrolled,179,75
374,2021-03-17 04:25:49,2021-08-18 15:11:39,complete,enrolled,160,66
375,2021-04-12 13:14:17,2021-05-06 14:16:49,complete,enrolled,53,41
376,2021-05-06 14:16:49,2021-08-16 14:31:15,complete,enrolled,72,18
377,2021-04-21 02:21:44,2021-05-18 02:21:44,complete,refunded,175,43
378,2021-03-16 06:41:41,2021-08-19 09:53:51,complete,enrolled,154,45
379,2021-03-21 13:03:52,2021-07-10 20:50:18,pending,enrolled,50,20
380,2021-05-10 08:19:32,2021-05-27 15:35:20,complete,enrolled,55,77
381,2021-07-15 01:35:21,2021-08-16 14:31:15,pending,enrolled,129,91
382,2021-07-16 15:26:30,2021-08-22 01:23:59,complete,enrolled,5,48
383,2021-07-05 00:52:14,2021-09-13 12:16:03,complete,enrolled,37,22
384,2021-02-26 04:08:24,2021-05-06 14:16:49,pending,enrolled,167,100
385,2021-03-31 08:59:40,2021-04-10 08:59:40,complete,refunded,106,56
386,2021-04-22 07:37:13,2021-06-15 02:47:02,complete,enrolled,82,62
387,2021-03-20 16:16:09,2021-05-08 14:42:19,complete,enrolled,177,48
388,2021-05-24 08:18:24,2021-06-03 10:28:07,complete,enrolled,36,34
389,2021-03-21 23:14:52,2021-08-29 20:10:15,complete,enrolled,9,96
390,2021-03-03 18:38:21,2021-06-23 19:50:39,complete,enrolled,156,97
391,2021-05-20 20:01:36,2021-08-19 03:23:07,complete,enrolled,34,89
392,2021-07-05 00:09:57,2021-08-16 14:31:15,complete,enrolled,159,15
393,2021-06-22 15:36:48,2021-07-28 04:03:47,pending,enrolled,155,72
394,2021-06-10 10:48:40,2021-07-01 10:48:40,complete,refunded,100,28
395,2021-02-17 14:48:28,2021-02-22 05:00:06,pending,enrolled,29,9
396,2021-05-27 12:50:07,2021-07-18 18:55:02,pending,enrolled,149,11
397,2021-07-03 01:16:13,2021-07-14 23:35:29,complete,enrolled,154,2
398,2021-04-21 18:36:51,2021-08-13 04:59:07,pending,enrolled,100,30
399,2021-05-27 16:18:08,2021-07-14 23:35:29,complete,enrolled,47,47
400,2021-07-27 05:15:17,2021-07-28 02:20:18,pending,enrolled,164,44
401,2021-05-14 12:06:51,2021-08-15 19:53:46,pending,enrolled,83,79
402,2021-03-19 07:10:29,2021-04-26 11:06:42,pending,enrolled,196,56
403,2021-04-20 09:17:57,2021-05-16 08:09:15,complete,enrolled,113,96
404,2021-04-01 01:50:02,2021-06-08 20:20:00,complete,enrolled,21,93
405,2021-07-25 11:24:11,2021-08-16 11:24:11,complete,refunded,132,73
406,2021-02-06 22:05:16,2021-08-23 22:53:13,complete,enrolled,32,33
407,2021-06-17 08:30:00,2021-07-14 23:35:29,pending,enrolled,183,94
408,2021-03-23 22:35:22,2021-07-14 23:35:29,complete,enrolled,2,54
409,2021-07-14 22:17:21,2021-07-14 23:35:29,complete,enrolled,137,44
410,2021-03-08 17:58:46,2021-08-16 14:31:15,complete,enrolled,139,91
411,2021-03-26 16:23:04,2021-06-26 09:28:52,pending,enrolled,200,19
412,2021-05-13 11:26:54,2021-07-14 23:35:29,pending,enrolled,26,58
413,2021-02-03 12:32:09,2021-07-19 23:52:15,complete,enrolled,53,50
414,2021-04-28 13:03:09,2021-05-27 14:11:24,complete,enrolled,161,6
415,2021-05-24 23:01:21,2021-09-10 01:27:59,complete,enrolled,92,28
416,2021-02-24 15:51:27,2021-06-16 22:29:51,complete,enrolled,44,91
417,2021-06-08 20:01:56,2021-07-14 23:35:29,complete,enrolled,89,44
418,2021-05-14 10:28:33,2021-09-03 13:13:53,complete,enrolled,57,78
419,2021-07-17 23:19:21,2021-07-28 02:20:18,complete,enrolled,173,55
420,2021-04-19 05:34:50,2021-08-28 04:26:10,complete,enrolled,89,67
421,2021-03-29 06:42:20,2021-07-14 23:35:29,complete,enrolled,43,15
422,2021-07-14 23:35:29,2021-08-29 20:10:15,complete,enrolled,68,57
423,2021-05-26 19:11:30,2021-08-22 17:27:24,complete,enrolled,145,3
424,2021-02-07 01:50:04,2021-05-26 02:17:19,pending,enrolled,128,73
425,2021-05-25 16:07:14,2021-08-08 04:23:40,complete,enrolled,5,54
426,2021-03-03 04:45:40,2021-04-27 23:41:48,complete,enrolled,14,98
427,2021-02-15 08:26:30,2021-09-05 17:15:40,complete,enrolled,54,22
428,2021-05-23 13:16:28,2021-08-30 16:07:28,pending,enrolled,37,33
429,2021-03-17 09:26:27,2021-06-03 13:55:24,complete,enrolled,137,76
430,2021-03-24 14:08:36,2021-04-17 12:14:54,complete,enrolled,38,48
431,2021-05-26 05:52:36,2021-08-14 03:48:08,complete,enrolled,136,62
432,2021-04-01 12:26:40,2021-08-17 19:01:24,complete,enrolled,55,87
433,2021-03-06 16:57:55,2021-07-31 13:00:16,complete,enrolled,137,54
434,2021-03-05 20:48:23,2021-08-22 19:18:07,complete,enrolled,29,14
435,2021-04-30 08:28:12,2021-07-28 02:20:18,complete,enrolled,49,38
436,2021-05-27 21:33:15,2021-07-14 23:35:29,complete,enrolled,10,47
437,2021-03-09 14:01:01,2021-04-18 18:25:48,complete,enrolled,15,75
438,2021-03-10 13:52:09,2021-05-11 17:08:55,complete,enrolled,115,12
439,2021-07-07 17:07:47,2021-07-27 10:45:04,pending,enrolled,119,3
440,2021-07-21 15:13:42,2021-07-28 02:20:18,pending,enrolled,106,32
441,2021-06-02 13:41:06,2021-08-15 14:44:40,pending,enrolled,121,57
442,2021-05-17 15:57:40,2021-06-29 03:59:39,complete,enrolled,126,40
443,2021-07-09 20:14:39,2021-07-20 04:38:10,pending,enrolled,145,9
444,2021-02-24 23:08:23,2021-08-20 03:26:52,complete,enrolled,192,75
445,2021-05-08 00:47:12,2021-08-31 01:47:05,pending,enrolled,152,1
446,2021-05-20 14:29:08,2021-06-16 16:13:04,complete,enrolled,7,50
447,2021-04-23 08:25:53,2021-08-05 19:22:16,pending,enrolled,62,72
448,2021-04-08 16:42:44,2021-06-29 03:59:39,complete,enrolled,34,5
449,2021-04-02 15:42:39,2021-07-22 21:07:23,pending,enrolled,34,13
450,2021-04-04 22:24:42,2021-07-14 23:35:29,pending,enrolled,46,22
451,2021-03-09 18:27:07,2021-06-29 03:59:39,complete,enrolled,100,63
452,2021-06-27 07:08:48,2021-09-11 22:44:59,complete,enrolled,136,93
453,2021-02-25 19:20:59,2021-09-02 11:56:47,complete,enrolled,75,84
454,2021-07-07 20:58:47,2021-07-14 23:35:29,complete,enrolled,173,98
455,2021-02-08 03:50:28,2021-09-01 07:48:26,complete,enrolled,113,14
456,2021-04-19 12:40:47,2021-05-15 02:43:33,complete,enrolled,125,96
457,2021-05-23 03:47:48,2021-05-30 03:47:48,complete,refunded,7,91
458,2021-04-12 06:21:17,2021-09-03 10:02:39,complete,enrolled,49,7
459,2021-02-03 09:24:27,2021-05-22 01:41:10,pending,enrolled,20,10
460,2021-02-05 03:55:30,2021-03-11 17:55:49,complete,enrolled,200,82
461,2021-02-08 21:26:47,2021-08-17 09:11:48,complete,enrolled,129,67
462,2021-04-19 17:44:54,2021-05-24 14:44:09,complete,enrolled,168,89
463,2021-02-10 08:49:12,2021-05-14 05:43:02,complete,enrolled,64,29
464,2021-06-29 03:59:39,2021-07-28 02:20:18,pending,enrolled,145,37
465,2021-05-22 23:27:32,2021-06-29 03:59:39,complete,enrolled,187,5
466,2021-07-28 02:20:18,2021-08-29 20:10:15,pending,enrolled,54,23
467,2021-07-29 20:41:51,2021-08-20 23:59:33,complete,enrolled,105,3
468,2021-02-17 07:22:20,2021-07-13 06:26:49,complete,enrolled,57,5
469,2021-05-24 07:57:06,2021-07-14 23:35:29,complete,enrolled,149,45
470,2021-03-28 05:21:28,2021-08-07 06:22:16,complete,enrolled,29,14
471,2021-07-28 00:52:45,2021-07-28 02:20:18,pending,enrolled,127,41
472,2021-06-24 02:51:10,2021-07-14 07:24:56,complete,enrolled,174,87
473,2021-07-01 00:30:28,2021-08-20 03:26:52,complete,enrolled,86,50
474,2021-05-03 06:21:02,2021-06-29 03:59:39,complete,enrolled,175,70
475,2021-06-20 02:28:16,2021-09-13 06:32:26,complete,enrolled,32,28
476,2021-05-03 09:28:42,2021-05-22 02:42:42,pending,enrolled,146,25
477,2021-03-31 01:00:43,2021-04-19 05:27:17,complete,enrolled,84,43
478,2021-07-20 02:06:55,2021-08-29 20:10:15,complete,enrolled,192,81
479,2021-04-08 22:06:07,2021-08-18 20:21:56,pending,enrolled,113,72
480,2021-05-17 03:26:18,2021-07-13 03:48:34,complete,enrolled,122,86
481,2021-05-10 21:25:41,2021-07-15 05:59:28,complete,enrolled,15,2
482,2021-06-14 04:32:43,2021-08-10 13:29:30,complete,enrolled,89,42
483,2021-06-15 01:04:28,2021-06-29 03:59:39,complete,enrolled,83,24
484,2021-03-22 19:44:51,2021-06-29 03:59:39,complete,enrolled,123,84
485,2021-03-13 03:11:15,2021-08-01 03:26:54,pending,refunded,91,46
486,2021-07-04 06:46:14,2021-08-29 20:10:15,complete,enrolled,191,8
487,2021-06-15 01:35:00,2021-07-27 22:35:05,complete,enrolled,127,27
488,2021-03-13 06:17:08,2021-05-05 19:58:56,complete,enrolled,195,95
489,2021-05-27 01:54:40,2021-09-08 08:07:34,complete,enrolled,145,66
490,2021-04-03 02:29:03,2021-08-18 14:41:05,pending,enrolled,94,23
491,2021-03-27 05:51:18,2021-04-24 05:51:18,complete,refunded,181,30
492,2021-04-09 18:16:01,2021-04-19 18:16:01,complete,refunded,32,4
493,2021-02-10 09:09:41,2021-04-12 14:15:27,complete,enrolled,91,55
494,2021-07-02 03:50:49,2021-08-04 19:21:19,pending,enrolled,17,1
495,2021-06-19 12:27:55,2021-07-16 08:39:31,pending,enrolled,9,17
496,2021-06-02 11:32:08,2021-07-14 23:35:29,complete,enrolled,131,18
497,2021-02-11 21:18:10,2021-03-17 14:54:18,complete,enrolled,142,65
498,2021-05-13 10:46:13,2021-05-19 10:46:13,complete,refunded,7,20
499,2021-05-22 07:52:15,2021-07-11 01:01:28,complete,enrolled,29,96
500,2021-07-14 23:35:29,2021-08-31 01:47:05,pending,enrolled,97,5